Country Availability,Year,Action,Adult,Adventure,Animation,Biography,Comedy,Crime,Documentary,Drama,Family,Fantasy,Film-Noir,Game-Show,History,Horror,Music,Musical,Mystery,News,Reality-TV,Romance,Sci-Fi,Short,Sport,Thriller,War,Western
Argentina,2015,183.0,0.0,129.0,52.0,22.0,256.0,80.0,36.0,224.0,91.0,84.0,0.0,0.0,14.0,29.0,20.0,12.0,34.0,1.0,0.0,113.0,76.0,3.0,30.0,124.0,14.0,8.0
Argentina,2016,60.0,0.0,43.0,16.0,23.0,97.0,42.0,36.0,111.0,26.0,29.0,0.0,0.0,12.0,17.0,11.0,2.0,22.0,1.0,0.0,30.0,14.0,8.0,9.0,55.0,9.0,1.0
Argentina,2017,77.0,0.0,44.0,18.0,19.0,166.0,72.0,48.0,200.0,28.0,34.0,0.0,0.0,18.0,29.0,14.0,5.0,35.0,0.0,0.0,69.0,26.0,6.0,12.0,88.0,9.0,1.0
Argentina,2018,116.0,0.0,57.0,28.0,33.0,233.0,69.0,54.0,251.0,38.0,59.0,0.0,0.0,24.0,41.0,15.0,16.0,35.0,1.0,3.0,83.0,38.0,9.0,17.0,113.0,13.0,4.0
Argentina,2019,83.0,0.0,34.0,22.0,27.0,209.0,56.0,70.0,202.0,32.0,28.0,0.0,0.0,11.0,42.0,26.0,4.0,40.0,0.0,1.0,85.0,23.0,20.0,11.0,86.0,5.0,2.0
Argentina,2020,79.0,0.0,56.0,54.0,26.0,242.0,79.0,64.0,315.0,68.0,38.0,0.0,0.0,12.0,37.0,22.0,10.0,39.0,0.0,1.0,126.0,26.0,21.0,19.0,122.0,10.0,3.0
Argentina,2021,13.0,0.0,8.0,4.0,5.0,21.0,11.0,11.0,30.0,3.0,6.0,1.0,0.0,2.0,2.0,2.0,0.0,5.0,0.0,0.0,7.0,4.0,4.0,4.0,12.0,0.0,1.0
Australia,2015,170.0,0.0,119.0,60.0,33.0,258.0,95.0,36.0,231.0,86.0,81.0,0.0,0.0,21.0,28.0,19.0,14.0,36.0,2.0,0.0,113.0,61.0,5.0,23.0,128.0,15.0,3.0
Australia,2016,45.0,0.0,29.0,18.0,29.0,104.0,38.0,38.0,116.0,28.0,27.0,0.0,0.0,14.0,17.0,14.0,3.0,19.0,1.0,0.0,30.0,5.0,8.0,9.0,52.0,8.0,3.0
Australia,2017,79.0,0.0,42.0,18.0,17.0,168.0,66.0,56.0,202.0,31.0,31.0,0.0,0.0,16.0,22.0,12.0,8.0,29.0,0.0,0.0,67.0,21.0,6.0,10.0,85.0,12.0,3.0
Australia,2018,126.0,0.0,54.0,23.0,35.0,270.0,77.0,67.0,298.0,41.0,48.0,0.0,0.0,27.0,47.0,19.0,17.0,38.0,1.0,2.0,98.0,35.0,12.0,18.0,136.0,11.0,3.0
Australia,2019,109.0,0.0,44.0,28.0,35.0,235.0,71.0,73.0,283.0,44.0,38.0,0.0,0.0,16.0,49.0,27.0,3.0,47.0,1.0,1.0,112.0,26.0,20.0,11.0,123.0,11.0,4.0
Australia,2020,97.0,0.0,65.0,67.0,26.0,253.0,99.0,64.0,349.0,82.0,51.0,0.0,0.0,11.0,47.0,24.0,16.0,48.0,0.0,2.0,135.0,29.0,26.0,24.0,142.0,11.0,9.0
Australia,2021,14.0,0.0,11.0,7.0,4.0,24.0,8.0,8.0,29.0,5.0,7.0,1.0,0.0,2.0,2.0,2.0,2.0,6.0,0.0,0.0,8.0,7.0,4.0,4.0,10.0,0.0,2.0
Belgium,2015,235.0,0.0,169.0,66.0,35.0,329.0,128.0,38.0,303.0,128.0,109.0,0.0,0.0,23.0,38.0,22.0,17.0,54.0,1.0,0.0,157.0,77.0,5.0,20.0,191.0,25.0,8.0
Belgium,2016,59.0,0.0,40.0,17.0,27.0,110.0,53.0,34.0,129.0,27.0,24.0,0.0,0.0,13.0,21.0,12.0,4.0,28.0,1.0,0.0,40.0,15.0,8.0,8.0,75.0,9.0,4.0
Belgium,2017,82.0,0.0,45.0,25.0,23.0,167.0,69.0,51.0,188.0,28.0,35.0,0.0,0.0,14.0,23.0,14.0,5.0,28.0,0.0,0.0,68.0,23.0,6.0,14.0,86.0,13.0,2.0
Belgium,2018,105.0,0.0,52.0,21.0,34.0,196.0,60.0,54.0,215.0,36.0,46.0,0.0,0.0,18.0,36.0,11.0,14.0,36.0,1.0,3.0,74.0,38.0,8.0,19.0,114.0,9.0,5.0
Belgium,2019,82.0,0.0,47.0,23.0,31.0,224.0,59.0,72.0,204.0,42.0,36.0,0.0,0.0,14.0,43.0,22.0,4.0,40.0,0.0,1.0,81.0,27.0,21.0,7.0,82.0,6.0,1.0
Belgium,2020,88.0,0.0,57.0,59.0,26.0,241.0,80.0,59.0,310.0,71.0,38.0,0.0,0.0,11.0,34.0,20.0,10.0,39.0,0.0,1.0,125.0,26.0,22.0,21.0,118.0,10.0,2.0
Belgium,2021,12.0,0.0,10.0,4.0,5.0,34.0,12.0,10.0,52.0,7.0,11.0,1.0,0.0,4.0,2.0,1.0,0.0,7.0,0.0,0.0,6.0,6.0,6.0,4.0,15.0,2.0,1.0
Brazil,2015,181.0,0.0,125.0,50.0,18.0,230.0,77.0,29.0,215.0,89.0,83.0,0.0,0.0,10.0,30.0,17.0,11.0,33.0,1.0,0.0,109.0,73.0,3.0,28.0,127.0,11.0,8.0
Brazil,2016,62.0,0.0,40.0,16.0,24.0,92.0,42.0,34.0,116.0,27.0,29.0,0.0,0.0,13.0,17.0,12.0,2.0,23.0,1.0,0.0,30.0,15.0,8.0,8.0,54.0,10.0,1.0
Brazil,2017,74.0,0.0,42.0,18.0,22.0,161.0,68.0,51.0,191.0,29.0,31.0,0.0,0.0,19.0,27.0,13.0,3.0,30.0,0.0,0.0,64.0,23.0,6.0,14.0,85.0,9.0,1.0
Brazil,2018,109.0,0.0,55.0,27.0,31.0,209.0,66.0,51.0,234.0,35.0,52.0,0.0,0.0,23.0,38.0,15.0,10.0,31.0,1.0,3.0,76.0,38.0,8.0,16.0,105.0,12.0,4.0
Brazil,2019,81.0,0.0,34.0,21.0,29.0,208.0,56.0,74.0,201.0,30.0,26.0,0.0,0.0,11.0,41.0,26.0,4.0,39.0,0.0,1.0,85.0,20.0,19.0,11.0,84.0,4.0,2.0
Brazil,2020,78.0,0.0,55.0,55.0,22.0,242.0,75.0,61.0,305.0,67.0,38.0,0.0,0.0,10.0,37.0,21.0,11.0,39.0,0.0,1.0,127.0,26.0,21.0,18.0,120.0,8.0,3.0
Brazil,2021,13.0,0.0,9.0,4.0,6.0,21.0,12.0,9.0,32.0,4.0,7.0,0.0,0.0,4.0,3.0,3.0,0.0,5.0,0.0,0.0,9.0,4.0,4.0,3.0,13.0,0.0,1.0
Canada,2015,200.0,0.0,131.0,60.0,31.0,298.0,99.0,39.0,231.0,82.0,93.0,0.0,0.0,16.0,30.0,22.0,18.0,37.0,2.0,0.0,123.0,74.0,6.0,24.0,130.0,18.0,6.0
Canada,2016,50.0,0.0,37.0,17.0,20.0,99.0,36.0,38.0,104.0,24.0,26.0,0.0,0.0,14.0,11.0,11.0,6.0,17.0,1.0,0.0,30.0,14.0,6.0,5.0,53.0,9.0,2.0
Canada,2017,91.0,0.0,43.0,16.0,20.0,175.0,72.0,56.0,204.0,31.0,29.0,0.0,0.0,16.0,22.0,15.0,8.0,28.0,0.0,0.0,62.0,18.0,8.0,15.0,87.0,12.0,3.0
Canada,2018,126.0,0.0,52.0,23.0,35.0,282.0,76.0,68.0,316.0,40.0,56.0,0.0,0.0,22.0,58.0,20.0,20.0,43.0,1.0,3.0,104.0,42.0,12.0,23.0,138.0,11.0,4.0
Canada,2019,128.0,0.0,59.0,33.0,42.0,250.0,83.0,78.0,315.0,53.0,46.0,0.0,0.0,23.0,54.0,30.0,6.0,55.0,1.0,1.0,111.0,36.0,22.0,13.0,151.0,11.0,4.0
Canada,2020,103.0,0.0,60.0,59.0,28.0,239.0,97.0,70.0,369.0,78.0,43.0,0.0,0.0,17.0,55.0,24.0,12.0,47.0,0.0,2.0,137.0,30.0,27.0,25.0,157.0,13.0,13.0
Canada,2021,15.0,0.0,7.0,4.0,5.0,22.0,11.0,10.0,38.0,3.0,6.0,1.0,0.0,2.0,3.0,1.0,0.0,7.0,0.0,0.0,9.0,4.0,4.0,4.0,17.0,1.0,0.0
Colombia,2015,179.0,0.0,125.0,50.0,22.0,225.0,80.0,23.0,223.0,89.0,82.0,0.0,0.0,14.0,29.0,19.0,11.0,34.0,1.0,0.0,111.0,73.0,3.0,30.0,124.0,14.0,8.0
Colombia,2016,59.0,0.0,42.0,15.0,23.0,69.0,42.0,31.0,111.0,25.0,28.0,0.0,0.0,12.0,17.0,9.0,2.0,22.0,1.0,0.0,30.0,14.0,7.0,9.0,55.0,9.0,1.0
Colombia,2017,77.0,0.0,44.0,18.0,20.0,127.0,71.0,40.0,200.0,28.0,34.0,0.0,0.0,18.0,29.0,14.0,5.0,34.0,0.0,0.0,70.0,25.0,6.0,12.0,87.0,9.0,1.0
Colombia,2018,114.0,0.0,56.0,27.0,32.0,174.0,68.0,44.0,247.0,37.0,59.0,0.0,0.0,23.0,40.0,12.0,16.0,35.0,1.0,1.0,82.0,38.0,8.0,17.0,111.0,12.0,4.0
Colombia,2019,82.0,0.0,34.0,22.0,27.0,168.0,56.0,68.0,199.0,32.0,28.0,0.0,0.0,11.0,42.0,26.0,4.0,39.0,0.0,0.0,83.0,23.0,20.0,11.0,86.0,4.0,2.0
Colombia,2020,79.0,0.0,56.0,54.0,26.0,241.0,79.0,64.0,315.0,68.0,38.0,0.0,0.0,12.0,37.0,22.0,10.0,39.0,0.0,1.0,126.0,26.0,21.0,19.0,122.0,10.0,3.0
Colombia,2021,13.0,0.0,8.0,4.0,5.0,21.0,11.0,11.0,30.0,3.0,6.0,1.0,0.0,2.0,2.0,2.0,0.0,5.0,0.0,0.0,7.0,4.0,4.0,4.0,12.0,0.0,1.0
Czech Republic,2015,218.0,0.0,149.0,46.0,51.0,314.0,113.0,44.0,319.0,95.0,97.0,0.0,0.0,18.0,50.0,18.0,17.0,62.0,1.0,0.0,155.0,85.0,6.0,22.0,185.0,21.0,8.0
Czech Republic,2016,66.0,0.0,44.0,22.0,23.0,114.0,49.0,37.0,118.0,28.0,30.0,0.0,0.0,10.0,20.0,11.0,4.0,23.0,1.0,0.0,34.0,14.0,9.0,7.0,75.0,7.0,2.0
Czech Republic,2017,82.0,0.0,37.0,17.0,23.0,177.0,77.0,53.0,225.0,32.0,32.0,0.0,0.0,19.0,26.0,13.0,9.0,33.0,0.0,0.0,73.0,18.0,7.0,13.0,97.0,12.0,1.0
Czech Republic,2018,127.0,0.0,52.0,21.0,35.0,279.0,74.0,66.0,301.0,37.0,54.0,0.0,0.0,21.0,50.0,17.0,16.0,40.0,1.0,3.0,105.0,33.0,11.0,21.0,130.0,11.0,3.0
Czech Republic,2019,107.0,0.0,52.0,27.0,38.0,288.0,80.0,78.0,315.0,51.0,50.0,0.0,0.0,19.0,52.0,28.0,5.0,51.0,1.0,2.0,124.0,29.0,24.0,12.0,121.0,13.0,1.0
Czech Republic,2020,91.0,0.0,73.0,59.0,31.0,280.0,84.0,62.0,355.0,79.0,54.0,0.0,0.0,15.0,46.0,22.0,14.0,47.0,0.0,1.0,145.0,31.0,26.0,22.0,131.0,14.0,5.0
Czech Republic,2021,16.0,0.0,11.0,4.0,5.0,38.0,15.0,10.0,52.0,7.0,11.0,1.0,0.0,3.0,3.0,5.0,1.0,8.0,0.0,0.0,7.0,9.0,6.0,5.0,19.0,2.0,1.0
France,2015,190.0,0.0,151.0,72.0,30.0,291.0,100.0,35.0,269.0,108.0,95.0,0.0,0.0,18.0,36.0,17.0,15.0,50.0,1.0,0.0,134.0,82.0,7.0,15.0,142.0,18.0,9.0
France,2016,52.0,0.0,34.0,17.0,27.0,104.0,47.0,31.0,120.0,23.0,27.0,0.0,0.0,14.0,20.0,11.0,4.0,20.0,1.0,0.0,38.0,9.0,7.0,7.0,63.0,9.0,2.0
France,2017,73.0,0.0,37.0,24.0,20.0,157.0,58.0,50.0,180.0,21.0,35.0,0.0,0.0,14.0,26.0,12.0,4.0,28.0,0.0,0.0,65.0,23.0,5.0,12.0,76.0,10.0,1.0
France,2018,96.0,0.0,46.0,26.0,28.0,193.0,46.0,52.0,189.0,33.0,39.0,0.0,0.0,18.0,31.0,14.0,14.0,27.0,1.0,3.0,68.0,34.0,5.0,18.0,93.0,7.0,5.0
France,2019,68.0,0.0,31.0,22.0,26.0,200.0,48.0,65.0,181.0,30.0,23.0,0.0,0.0,14.0,32.0,21.0,2.0,31.0,0.0,1.0,72.0,17.0,23.0,7.0,70.0,6.0,2.0
France,2020,83.0,0.0,51.0,58.0,23.0,255.0,82.0,61.0,326.0,70.0,39.0,0.0,0.0,9.0,35.0,21.0,11.0,38.0,0.0,1.0,141.0,25.0,21.0,23.0,119.0,10.0,4.0
France,2021,13.0,0.0,9.0,4.0,5.0,35.0,15.0,10.0,56.0,7.0,10.0,1.0,0.0,4.0,2.0,3.0,0.0,8.0,0.0,0.0,10.0,6.0,6.0,4.0,17.0,3.0,1.0
Germany,2015,224.0,0.0,157.0,52.0,58.0,317.0,129.0,40.0,331.0,90.0,100.0,0.0,0.0,23.0,46.0,15.0,11.0,57.0,2.0,0.0,136.0,88.0,6.0,22.0,183.0,18.0,4.0
Germany,2016,68.0,0.0,41.0,19.0,22.0,103.0,42.0,34.0,105.0,21.0,25.0,0.0,0.0,14.0,17.0,12.0,3.0,20.0,2.0,0.0,31.0,22.0,8.0,6.0,67.0,10.0,1.0
Germany,2017,78.0,0.0,50.0,18.0,20.0,169.0,63.0,52.0,185.0,33.0,38.0,0.0,0.0,15.0,31.0,12.0,6.0,38.0,0.0,0.0,67.0,30.0,6.0,13.0,89.0,11.0,2.0
Germany,2018,117.0,0.0,58.0,20.0,28.0,216.0,64.0,54.0,234.0,35.0,50.0,0.0,0.0,21.0,37.0,14.0,14.0,34.0,2.0,3.0,77.0,43.0,9.0,17.0,106.0,11.0,3.0
Germany,2019,87.0,0.0,49.0,27.0,29.0,220.0,60.0,64.0,211.0,37.0,35.0,0.0,0.0,15.0,38.0,22.0,4.0,39.0,0.0,1.0,81.0,22.0,20.0,8.0,83.0,6.0,7.0
Germany,2020,80.0,0.0,62.0,51.0,28.0,256.0,72.0,60.0,329.0,70.0,44.0,0.0,0.0,16.0,45.0,22.0,9.0,42.0,0.0,1.0,131.0,27.0,23.0,21.0,119.0,12.0,3.0
Germany,2021,14.0,0.0,10.0,5.0,5.0,39.0,15.0,10.0,52.0,8.0,10.0,1.0,0.0,3.0,4.0,3.0,1.0,11.0,0.0,0.0,8.0,6.0,6.0,5.0,20.0,1.0,1.0
Greece,2015,167.0,0.0,113.0,37.0,28.0,258.0,95.0,33.0,239.0,87.0,80.0,0.0,0.0,14.0,37.0,18.0,11.0,41.0,1.0,0.0,116.0,50.0,5.0,19.0,134.0,16.0,7.0
Greece,2016,48.0,0.0,33.0,14.0,19.0,88.0,37.0,33.0,101.0,23.0,24.0,0.0,0.0,11.0,15.0,11.0,3.0,20.0,1.0,0.0,26.0,9.0,8.0,5.0,52.0,8.0,2.0
Greece,2017,67.0,0.0,34.0,13.0,17.0,144.0,59.0,50.0,169.0,22.0,30.0,0.0,0.0,13.0,22.0,12.0,6.0,25.0,0.0,0.0,59.0,20.0,5.0,11.0,74.0,8.0,1.0
Greece,2018,115.0,0.0,42.0,12.0,26.0,247.0,57.0,64.0,266.0,31.0,47.0,0.0,0.0,19.0,45.0,15.0,15.0,32.0,1.0,3.0,97.0,31.0,11.0,21.0,111.0,9.0,2.0
Greece,2019,88.0,0.0,35.0,23.0,31.0,226.0,61.0,76.0,264.0,38.0,36.0,0.0,0.0,13.0,46.0,27.0,3.0,47.0,1.0,1.0,104.0,21.0,22.0,10.0,93.0,7.0,1.0
Greece,2020,73.0,0.0,48.0,52.0,23.0,221.0,68.0,58.0,297.0,66.0,38.0,0.0,0.0,11.0,34.0,20.0,10.0,33.0,0.0,1.0,124.0,23.0,22.0,21.0,109.0,8.0,4.0
Greece,2021,15.0,0.0,10.0,4.0,4.0,33.0,14.0,10.0,46.0,7.0,11.0,1.0,0.0,3.0,2.0,4.0,1.0,8.0,0.0,0.0,6.0,6.0,6.0,4.0,18.0,1.0,1.0
Hong Kong,2015,209.0,0.0,121.0,41.0,36.0,235.0,104.0,30.0,252.0,71.0,91.0,0.0,0.0,21.0,37.0,17.0,16.0,44.0,1.0,0.0,122.0,68.0,5.0,23.0,162.0,17.0,6.0
Hong Kong,2016,70.0,0.0,43.0,16.0,24.0,101.0,46.0,31.0,117.0,22.0,28.0,0.0,0.0,12.0,20.0,14.0,4.0,24.0,1.0,0.0,42.0,15.0,7.0,8.0,64.0,9.0,1.0
Hong Kong,2017,65.0,0.0,38.0,13.0,17.0,143.0,54.0,48.0,165.0,20.0,24.0,0.0,0.0,14.0,19.0,10.0,4.0,21.0,0.0,0.0,57.0,21.0,4.0,12.0,70.0,11.0,1.0
Hong Kong,2018,137.0,0.0,50.0,15.0,32.0,219.0,77.0,50.0,225.0,18.0,42.0,0.0,0.0,23.0,40.0,15.0,7.0,29.0,1.0,3.0,86.0,30.0,7.0,21.0,111.0,12.0,4.0
Hong Kong,2019,105.0,0.0,43.0,23.0,32.0,233.0,57.0,65.0,208.0,33.0,41.0,0.0,0.0,22.0,45.0,22.0,5.0,40.0,0.0,1.0,106.0,28.0,19.0,8.0,80.0,9.0,0.0
Hong Kong,2020,82.0,0.0,54.0,56.0,22.0,231.0,75.0,57.0,308.0,66.0,35.0,0.0,0.0,10.0,36.0,19.0,12.0,34.0,0.0,1.0,129.0,23.0,22.0,21.0,113.0,7.0,7.0
Hong Kong,2021,14.0,0.0,10.0,4.0,4.0,21.0,8.0,8.0,32.0,4.0,7.0,1.0,0.0,2.0,4.0,1.0,0.0,5.0,0.0,0.0,8.0,5.0,4.0,4.0,12.0,0.0,1.0
Hungary,2015,216.0,0.0,145.0,46.0,46.0,304.0,108.0,43.0,302.0,87.0,96.0,0.0,0.0,16.0,53.0,17.0,14.0,64.0,1.0,0.0,147.0,81.0,5.0,21.0,183.0,20.0,7.0
Hungary,2016,63.0,0.0,37.0,17.0,24.0,107.0,48.0,37.0,115.0,23.0,27.0,0.0,0.0,10.0,18.0,11.0,4.0,21.0,1.0,0.0,30.0,13.0,9.0,8.0,68.0,8.0,2.0
Hungary,2017,84.0,0.0,35.0,15.0,22.0,175.0,75.0,53.0,220.0,30.0,32.0,0.0,0.0,18.0,27.0,13.0,9.0,32.0,0.0,0.0,73.0,17.0,7.0,12.0,96.0,11.0,1.0
Hungary,2018,128.0,0.0,53.0,19.0,34.0,277.0,72.0,66.0,298.0,36.0,56.0,0.0,0.0,22.0,51.0,17.0,16.0,39.0,1.0,3.0,104.0,33.0,11.0,21.0,131.0,10.0,3.0
Hungary,2019,103.0,0.0,47.0,25.0,36.0,252.0,72.0,76.0,296.0,43.0,44.0,0.0,0.0,13.0,52.0,27.0,4.0,54.0,1.0,1.0,108.0,24.0,23.0,11.0,118.0,9.0,1.0
Hungary,2020,83.0,0.0,59.0,56.0,24.0,242.0,76.0,60.0,328.0,71.0,44.0,0.0,0.0,13.0,45.0,23.0,11.0,41.0,0.0,1.0,134.0,28.0,23.0,21.0,124.0,9.0,3.0
Hungary,2021,15.0,0.0,10.0,4.0,4.0,33.0,13.0,10.0,46.0,7.0,11.0,1.0,0.0,3.0,3.0,4.0,1.0,7.0,0.0,0.0,6.0,7.0,6.0,5.0,17.0,2.0,1.0
Iceland,2015,134.0,0.0,84.0,41.0,27.0,212.0,60.0,33.0,193.0,74.0,52.0,0.0,0.0,10.0,22.0,13.0,14.0,31.0,1.0,0.0,88.0,41.0,6.0,18.0,97.0,13.0,5.0
Iceland,2016,49.0,0.0,30.0,17.0,19.0,84.0,34.0,34.0,99.0,20.0,20.0,0.0,0.0,11.0,12.0,11.0,4.0,18.0,1.0,0.0,28.0,10.0,8.0,5.0,49.0,7.0,1.0
Iceland,2017,74.0,0.0,28.0,11.0,19.0,152.0,66.0,50.0,193.0,24.0,24.0,0.0,0.0,13.0,24.0,12.0,8.0,29.0,0.0,0.0,69.0,17.0,6.0,13.0,82.0,10.0,2.0
Iceland,2018,116.0,0.0,46.0,14.0,27.0,250.0,66.0,63.0,279.0,34.0,47.0,0.0,0.0,19.0,43.0,14.0,17.0,34.0,1.0,3.0,97.0,27.0,12.0,20.0,115.0,8.0,2.0
Iceland,2019,89.0,0.0,36.0,21.0,28.0,227.0,56.0,74.0,257.0,36.0,31.0,0.0,0.0,13.0,40.0,25.0,4.0,39.0,1.0,1.0,104.0,19.0,23.0,11.0,89.0,7.0,1.0
Iceland,2020,78.0,0.0,51.0,52.0,24.0,221.0,67.0,59.0,298.0,69.0,37.0,0.0,0.0,11.0,35.0,21.0,12.0,36.0,0.0,1.0,124.0,24.0,21.0,21.0,112.0,8.0,2.0
Iceland,2021,14.0,0.0,10.0,4.0,4.0,31.0,12.0,10.0,46.0,7.0,11.0,1.0,0.0,3.0,2.0,3.0,0.0,8.0,0.0,0.0,6.0,6.0,6.0,4.0,17.0,1.0,1.0
India,2015,183.0,0.0,109.0,41.0,34.0,249.0,96.0,36.0,261.0,64.0,59.0,0.0,0.0,16.0,38.0,16.0,14.0,52.0,1.0,0.0,136.0,66.0,3.0,16.0,154.0,18.0,7.0
India,2016,50.0,0.0,31.0,18.0,21.0,104.0,39.0,39.0,118.0,25.0,25.0,0.0,0.0,12.0,15.0,13.0,3.0,24.0,1.0,0.0,32.0,8.0,8.0,5.0,56.0,6.0,2.0
India,2017,77.0,0.0,35.0,12.0,22.0,165.0,66.0,55.0,199.0,28.0,23.0,0.0,0.0,16.0,21.0,13.0,10.0,30.0,0.0,0.0,67.0,19.0,6.0,15.0,83.0,11.0,1.0
India,2018,118.0,0.0,44.0,19.0,30.0,273.0,70.0,69.0,301.0,36.0,47.0,0.0,0.0,21.0,46.0,17.0,15.0,37.0,1.0,3.0,109.0,30.0,10.0,23.0,127.0,10.0,3.0
India,2019,94.0,0.0,38.0,24.0,34.0,248.0,63.0,75.0,281.0,40.0,40.0,0.0,0.0,18.0,48.0,29.0,6.0,42.0,1.0,1.0,113.0,24.0,22.0,11.0,98.0,10.0,1.0
India,2020,82.0,0.0,53.0,53.0,23.0,222.0,75.0,58.0,316.0,62.0,38.0,0.0,0.0,10.0,38.0,19.0,12.0,40.0,0.0,1.0,129.0,24.0,22.0,19.0,121.0,9.0,7.0
India,2021,12.0,0.0,10.0,4.0,4.0,22.0,8.0,8.0,29.0,3.0,7.0,1.0,0.0,2.0,3.0,1.0,0.0,5.0,0.0,0.0,7.0,5.0,4.0,3.0,11.0,0.0,1.0
Israel,2015,137.0,0.0,96.0,37.0,27.0,201.0,76.0,29.0,179.0,66.0,68.0,0.0,0.0,10.0,25.0,12.0,7.0,37.0,1.0,0.0,96.0,43.0,3.0,17.0,108.0,15.0,4.0
Israel,2016,44.0,0.0,29.0,15.0,17.0,91.0,35.0,32.0,83.0,21.0,22.0,0.0,0.0,9.0,14.0,8.0,3.0,16.0,1.0,0.0,30.0,9.0,7.0,5.0,46.0,7.0,1.0
Israel,2017,62.0,0.0,26.0,12.0,15.0,146.0,62.0,48.0,171.0,20.0,21.0,0.0,0.0,12.0,18.0,11.0,6.0,23.0,0.0,0.0,56.0,13.0,5.0,14.0,76.0,10.0,1.0
Israel,2018,115.0,0.0,43.0,16.0,25.0,233.0,63.0,62.0,263.0,29.0,49.0,0.0,0.0,20.0,42.0,16.0,15.0,32.0,1.0,3.0,93.0,27.0,10.0,19.0,111.0,8.0,3.0
Israel,2019,99.0,0.0,45.0,26.0,30.0,240.0,64.0,71.0,266.0,41.0,39.0,0.0,0.0,13.0,47.0,27.0,3.0,48.0,1.0,1.0,107.0,24.0,23.0,9.0,100.0,9.0,1.0
Israel,2020,84.0,0.0,58.0,53.0,23.0,238.0,73.0,59.0,310.0,71.0,40.0,0.0,0.0,11.0,42.0,18.0,9.0,37.0,0.0,1.0,130.0,26.0,24.0,22.0,117.0,8.0,2.0
Israel,2021,13.0,0.0,9.0,4.0,4.0,26.0,9.0,8.0,33.0,3.0,6.0,1.0,0.0,2.0,2.0,1.0,0.0,5.0,0.0,0.0,7.0,4.0,4.0,3.0,12.0,0.0,1.0
Italy,2015,214.0,0.0,152.0,55.0,37.0,295.0,104.0,33.0,313.0,91.0,97.0,0.0,0.0,18.0,48.0,17.0,10.0,52.0,1.0,0.0,156.0,93.0,6.0,18.0,172.0,21.0,7.0
Italy,2016,51.0,0.0,38.0,16.0,28.0,99.0,42.0,33.0,115.0,21.0,24.0,0.0,0.0,11.0,14.0,13.0,2.0,18.0,1.0,0.0,34.0,12.0,8.0,8.0,55.0,9.0,1.0
Italy,2017,69.0,0.0,34.0,18.0,20.0,167.0,60.0,47.0,174.0,18.0,26.0,0.0,0.0,15.0,27.0,12.0,4.0,28.0,0.0,0.0,61.0,23.0,7.0,13.0,75.0,11.0,1.0
Italy,2018,87.0,0.0,43.0,23.0,25.0,215.0,47.0,51.0,197.0,28.0,37.0,0.0,0.0,15.0,33.0,12.0,9.0,25.0,1.0,3.0,67.0,32.0,7.0,14.0,89.0,11.0,3.0
Italy,2019,81.0,0.0,40.0,29.0,23.0,208.0,54.0,65.0,197.0,39.0,33.0,0.0,0.0,11.0,39.0,22.0,4.0,39.0,0.0,1.0,82.0,26.0,20.0,7.0,75.0,6.0,1.0
Italy,2020,76.0,0.0,54.0,56.0,25.0,246.0,72.0,60.0,305.0,66.0,41.0,0.0,0.0,12.0,38.0,21.0,12.0,37.0,0.0,1.0,131.0,25.0,22.0,18.0,115.0,11.0,2.0
Italy,2021,14.0,0.0,10.0,4.0,4.0,34.0,14.0,10.0,45.0,7.0,12.0,1.0,0.0,3.0,4.0,3.0,0.0,9.0,0.0,0.0,6.0,6.0,7.0,4.0,18.0,1.0,1.0
Japan,2015,241.0,0.0,157.0,66.0,45.0,249.0,108.0,35.0,305.0,69.0,108.0,0.0,0.0,22.0,65.0,20.0,17.0,75.0,2.0,0.0,144.0,114.0,4.0,18.0,176.0,17.0,7.0
Japan,2016,78.0,0.0,44.0,34.0,21.0,128.0,49.0,32.0,160.0,19.0,36.0,0.0,0.0,12.0,34.0,13.0,5.0,29.0,1.0,1.0,53.0,25.0,11.0,6.0,74.0,7.0,2.0
Japan,2017,93.0,0.0,50.0,38.0,24.0,161.0,65.0,54.0,208.0,30.0,42.0,0.0,0.0,18.0,39.0,12.0,5.0,52.0,0.0,0.0,63.0,43.0,7.0,16.0,99.0,12.0,1.0
Japan,2018,131.0,0.0,95.0,74.0,26.0,239.0,57.0,51.0,225.0,60.0,96.0,0.0,0.0,18.0,42.0,13.0,8.0,37.0,1.0,3.0,80.0,74.0,8.0,13.0,99.0,8.0,2.0
Japan,2019,97.0,0.0,40.0,37.0,29.0,211.0,62.0,61.0,233.0,35.0,37.0,0.0,0.0,15.0,46.0,25.0,2.0,48.0,0.0,1.0,102.0,25.0,17.0,8.0,81.0,4.0,1.0
Japan,2020,131.0,0.0,72.0,55.0,27.0,244.0,97.0,60.0,386.0,64.0,56.0,0.0,0.0,15.0,63.0,23.0,11.0,50.0,0.0,1.0,144.0,70.0,23.0,20.0,145.0,11.0,8.0
Japan,2021,16.0,0.0,10.0,10.0,5.0,27.0,12.0,9.0,52.0,8.0,8.0,0.0,0.0,3.0,4.0,1.0,0.0,5.0,0.0,0.0,12.0,7.0,4.0,4.0,16.0,1.0,1.0
Lithuania,2015,127.0,0.0,91.0,41.0,31.0,255.0,69.0,39.0,222.0,77.0,67.0,0.0,0.0,11.0,29.0,14.0,11.0,29.0,1.0,0.0,111.0,51.0,6.0,17.0,99.0,12.0,6.0
Lithuania,2016,47.0,0.0,32.0,17.0,16.0,102.0,37.0,37.0,90.0,23.0,25.0,0.0,0.0,8.0,17.0,12.0,3.0,17.0,1.0,0.0,28.0,12.0,8.0,4.0,50.0,4.0,1.0
Lithuania,2017,71.0,0.0,28.0,12.0,18.0,158.0,64.0,51.0,191.0,24.0,24.0,0.0,0.0,12.0,21.0,12.0,8.0,26.0,0.0,0.0,65.0,18.0,6.0,12.0,77.0,10.0,1.0
Lithuania,2018,114.0,0.0,42.0,15.0,26.0,266.0,61.0,66.0,273.0,30.0,48.0,0.0,0.0,20.0,46.0,16.0,15.0,33.0,1.0,3.0,98.0,25.0,11.0,21.0,113.0,8.0,3.0
Lithuania,2019,89.0,0.0,33.0,22.0,28.0,232.0,59.0,72.0,263.0,37.0,36.0,0.0,0.0,12.0,42.0,25.0,3.0,39.0,1.0,1.0,105.0,17.0,23.0,10.0,92.0,7.0,1.0
Lithuania,2020,75.0,0.0,54.0,53.0,24.0,231.0,67.0,59.0,300.0,69.0,38.0,0.0,0.0,12.0,38.0,20.0,11.0,37.0,0.0,1.0,124.0,23.0,24.0,20.0,111.0,8.0,3.0
Lithuania,2021,16.0,0.0,10.0,4.0,4.0,33.0,14.0,10.0,47.0,7.0,11.0,1.0,0.0,3.0,2.0,4.0,1.0,8.0,0.0,0.0,7.0,7.0,6.0,5.0,18.0,1.0,1.0
Malaysia,2015,158.0,0.0,102.0,38.0,25.0,187.0,87.0,17.0,206.0,62.0,79.0,0.0,0.0,13.0,39.0,14.0,13.0,44.0,1.0,0.0,101.0,59.0,3.0,18.0,136.0,13.0,5.0
Malaysia,2016,63.0,0.0,33.0,14.0,20.0,72.0,42.0,25.0,111.0,19.0,26.0,0.0,0.0,11.0,20.0,13.0,3.0,23.0,1.0,0.0,38.0,11.0,7.0,9.0,62.0,8.0,0.0
Malaysia,2017,72.0,0.0,38.0,14.0,15.0,100.0,53.0,31.0,165.0,23.0,27.0,0.0,0.0,13.0,16.0,9.0,6.0,18.0,0.0,0.0,56.0,17.0,6.0,10.0,68.0,12.0,1.0
Malaysia,2018,135.0,0.0,50.0,17.0,28.0,178.0,81.0,50.0,246.0,29.0,43.0,0.0,0.0,23.0,40.0,12.0,12.0,29.0,1.0,1.0,85.0,31.0,11.0,19.0,126.0,8.0,4.0
Malaysia,2019,113.0,0.0,45.0,22.0,28.0,193.0,60.0,60.0,240.0,35.0,39.0,0.0,0.0,16.0,44.0,26.0,6.0,41.0,1.0,0.0,101.0,28.0,18.0,7.0,102.0,9.0,1.0
Malaysia,2020,93.0,0.0,56.0,60.0,22.0,259.0,81.0,57.0,339.0,68.0,38.0,0.0,0.0,9.0,47.0,19.0,15.0,38.0,0.0,1.0,144.0,27.0,22.0,23.0,122.0,9.0,8.0
Malaysia,2021,13.0,0.0,9.0,4.0,4.0,27.0,9.0,8.0,38.0,4.0,6.0,1.0,0.0,2.0,3.0,1.0,0.0,7.0,0.0,0.0,8.0,4.0,4.0,4.0,14.0,0.0,1.0
Mexico,2015,179.0,0.0,128.0,51.0,22.0,256.0,80.0,36.0,222.0,90.0,83.0,0.0,0.0,13.0,29.0,20.0,12.0,34.0,1.0,0.0,113.0,75.0,3.0,30.0,122.0,14.0,9.0
Mexico,2016,61.0,0.0,43.0,16.0,23.0,96.0,42.0,36.0,110.0,26.0,29.0,0.0,0.0,12.0,17.0,11.0,2.0,22.0,1.0,0.0,29.0,14.0,8.0,9.0,55.0,9.0,1.0
Mexico,2017,75.0,0.0,43.0,18.0,20.0,174.0,70.0,51.0,199.0,28.0,33.0,0.0,0.0,18.0,29.0,14.0,5.0,34.0,0.0,0.0,70.0,24.0,6.0,12.0,87.0,9.0,1.0
Mexico,2018,118.0,0.0,58.0,27.0,33.0,236.0,69.0,54.0,250.0,37.0,61.0,0.0,0.0,24.0,41.0,15.0,16.0,35.0,1.0,3.0,82.0,38.0,9.0,17.0,113.0,13.0,4.0
Mexico,2019,82.0,0.0,33.0,22.0,27.0,209.0,56.0,70.0,202.0,32.0,28.0,0.0,0.0,11.0,42.0,26.0,4.0,39.0,0.0,1.0,85.0,22.0,20.0,11.0,86.0,5.0,2.0
Mexico,2020,79.0,0.0,56.0,54.0,26.0,243.0,79.0,64.0,315.0,68.0,38.0,0.0,0.0,12.0,36.0,22.0,10.0,39.0,0.0,1.0,126.0,26.0,21.0,19.0,122.0,10.0,3.0
Mexico,2021,13.0,0.0,8.0,4.0,5.0,21.0,11.0,11.0,30.0,3.0,6.0,1.0,0.0,2.0,2.0,2.0,0.0,5.0,0.0,0.0,7.0,4.0,4.0,4.0,12.0,0.0,1.0
Netherlands,2015,190.0,0.0,129.0,47.0,29.0,258.0,106.0,33.0,251.0,103.0,85.0,0.0,0.0,20.0,28.0,20.0,11.0,47.0,2.0,0.0,124.0,64.0,5.0,17.0,167.0,21.0,4.0
Netherlands,2016,52.0,0.0,34.0,16.0,21.0,99.0,44.0,32.0,108.0,26.0,21.0,0.0,0.0,10.0,15.0,12.0,3.0,21.0,1.0,0.0,35.0,13.0,8.0,8.0,59.0,8.0,3.0
Netherlands,2017,66.0,0.0,36.0,16.0,18.0,154.0,60.0,50.0,167.0,23.0,26.0,0.0,0.0,15.0,20.0,15.0,5.0,25.0,0.0,0.0,60.0,18.0,6.0,13.0,76.0,9.0,1.0
Netherlands,2018,85.0,0.0,40.0,18.0,29.0,179.0,47.0,50.0,185.0,29.0,37.0,0.0,0.0,15.0,27.0,10.0,13.0,30.0,1.0,3.0,64.0,32.0,7.0,15.0,88.0,9.0,4.0
Netherlands,2019,72.0,0.0,36.0,20.0,27.0,198.0,54.0,65.0,184.0,35.0,29.0,0.0,0.0,13.0,25.0,20.0,3.0,35.0,0.0,1.0,77.0,20.0,21.0,6.0,69.0,6.0,1.0
Netherlands,2020,94.0,0.0,60.0,61.0,23.0,237.0,82.0,59.0,308.0,72.0,39.0,0.0,0.0,13.0,42.0,18.0,11.0,39.0,0.0,1.0,125.0,26.0,22.0,21.0,129.0,10.0,2.0
Netherlands,2021,13.0,0.0,11.0,4.0,5.0,36.0,12.0,10.0,48.0,8.0,12.0,1.0,0.0,3.0,3.0,2.0,0.0,8.0,0.0,0.0,5.0,7.0,6.0,4.0,18.0,0.0,1.0
Poland,2015,165.0,0.0,143.0,52.0,38.0,283.0,76.0,36.0,267.0,102.0,89.0,0.0,0.0,14.0,48.0,16.0,15.0,48.0,1.0,0.0,140.0,80.0,6.0,20.0,137.0,18.0,7.0
Poland,2016,51.0,0.0,36.0,20.0,20.0,102.0,40.0,32.0,111.0,25.0,27.0,0.0,0.0,11.0,18.0,11.0,3.0,18.0,1.0,0.0,31.0,13.0,8.0,5.0,58.0,9.0,1.0
Poland,2017,58.0,0.0,33.0,17.0,20.0,151.0,61.0,50.0,170.0,25.0,26.0,0.0,0.0,13.0,23.0,11.0,4.0,30.0,0.0,0.0,55.0,15.0,4.0,12.0,77.0,9.0,1.0
Poland,2018,77.0,0.0,42.0,20.0,26.0,166.0,44.0,47.0,176.0,22.0,33.0,0.0,0.0,17.0,28.0,9.0,7.0,26.0,1.0,3.0,58.0,31.0,8.0,12.0,81.0,10.0,3.0
Poland,2019,69.0,0.0,44.0,27.0,28.0,221.0,51.0,62.0,210.0,40.0,38.0,0.0,0.0,19.0,36.0,22.0,6.0,31.0,0.0,1.0,81.0,23.0,20.0,6.0,73.0,10.0,1.0
Poland,2020,86.0,1.0,62.0,55.0,29.0,246.0,80.0,60.0,340.0,75.0,48.0,0.0,0.0,15.0,49.0,22.0,11.0,46.0,0.0,1.0,143.0,30.0,25.0,20.0,125.0,12.0,4.0
Poland,2021,16.0,0.0,12.0,5.0,5.0,36.0,16.0,12.0,51.0,7.0,11.0,1.0,0.0,3.0,3.0,5.0,1.0,8.0,0.0,0.0,9.0,9.0,6.0,5.0,20.0,2.0,1.0
Portugal,2015,154.0,0.0,122.0,53.0,29.0,238.0,72.0,33.0,207.0,94.0,84.0,0.0,0.0,11.0,24.0,12.0,13.0,35.0,2.0,0.0,108.0,73.0,6.0,18.0,120.0,13.0,3.0
Portugal,2016,37.0,0.0,28.0,17.0,22.0,88.0,32.0,35.0,94.0,24.0,25.0,0.0,0.0,9.0,10.0,10.0,2.0,18.0,1.0,0.0,29.0,11.0,8.0,7.0,38.0,6.0,2.0
Portugal,2017,52.0,0.0,30.0,14.0,16.0,129.0,57.0,48.0,148.0,19.0,18.0,0.0,0.0,11.0,19.0,11.0,3.0,24.0,0.0,0.0,50.0,15.0,4.0,14.0,64.0,8.0,1.0
Portugal,2018,69.0,0.0,34.0,15.0,21.0,151.0,38.0,47.0,160.0,21.0,29.0,0.0,0.0,14.0,26.0,8.0,8.0,22.0,1.0,2.0,54.0,27.0,7.0,12.0,76.0,7.0,1.0
Portugal,2019,72.0,0.0,38.0,21.0,26.0,190.0,45.0,69.0,172.0,32.0,30.0,0.0,0.0,13.0,42.0,22.0,4.0,35.0,0.0,1.0,69.0,25.0,20.0,5.0,69.0,4.0,1.0
Portugal,2020,74.0,0.0,50.0,52.0,24.0,215.0,68.0,59.0,290.0,62.0,37.0,0.0,0.0,13.0,38.0,19.0,10.0,36.0,0.0,1.0,121.0,25.0,21.0,20.0,113.0,9.0,2.0
Portugal,2021,14.0,0.0,10.0,4.0,4.0,32.0,13.0,10.0,46.0,7.0,11.0,1.0,0.0,3.0,2.0,3.0,0.0,8.0,0.0,0.0,6.0,6.0,6.0,4.0,18.0,1.0,1.0
Romania,2015,209.0,0.0,137.0,44.0,42.0,289.0,105.0,42.0,300.0,84.0,93.0,0.0,0.0,14.0,53.0,15.0,13.0,66.0,1.0,0.0,144.0,80.0,5.0,20.0,182.0,19.0,7.0
Romania,2016,60.0,0.0,35.0,17.0,25.0,111.0,48.0,36.0,111.0,24.0,26.0,0.0,0.0,10.0,18.0,11.0,4.0,21.0,1.0,0.0,32.0,11.0,9.0,8.0,65.0,8.0,2.0
Romania,2017,71.0,0.0,34.0,15.0,21.0,153.0,72.0,52.0,200.0,26.0,28.0,0.0,0.0,18.0,25.0,11.0,4.0,31.0,0.0,0.0,61.0,17.0,6.0,13.0,92.0,11.0,1.0
Romania,2018,124.0,0.0,49.0,18.0,31.0,262.0,72.0,66.0,293.0,34.0,53.0,0.0,0.0,20.0,51.0,17.0,16.0,38.0,1.0,3.0,102.0,32.0,11.0,22.0,128.0,9.0,3.0
Romania,2019,102.0,0.0,44.0,22.0,35.0,251.0,71.0,78.0,296.0,41.0,40.0,0.0,0.0,14.0,49.0,26.0,3.0,49.0,1.0,1.0,110.0,23.0,23.0,12.0,112.0,11.0,1.0
Romania,2020,82.0,0.0,56.0,53.0,23.0,228.0,76.0,59.0,328.0,69.0,39.0,0.0,0.0,10.0,45.0,19.0,11.0,40.0,0.0,1.0,127.0,25.0,24.0,21.0,121.0,9.0,3.0
Romania,2021,15.0,0.0,11.0,5.0,4.0,40.0,13.0,11.0,53.0,8.0,12.0,1.0,0.0,4.0,3.0,4.0,1.0,7.0,0.0,0.0,8.0,7.0,6.0,4.0,18.0,2.0,1.0
Russia,2015,133.0,0.0,88.0,39.0,25.0,229.0,72.0,35.0,189.0,59.0,56.0,0.0,0.0,11.0,19.0,11.0,13.0,32.0,1.0,0.0,105.0,49.0,4.0,13.0,93.0,11.0,8.0
Russia,2016,47.0,0.0,29.0,14.0,18.0,91.0,35.0,37.0,100.0,21.0,22.0,0.0,0.0,9.0,10.0,9.0,3.0,19.0,1.0,0.0,30.0,10.0,7.0,6.0,49.0,8.0,2.0
Russia,2017,71.0,0.0,29.0,13.0,17.0,159.0,64.0,51.0,189.0,24.0,23.0,0.0,0.0,12.0,20.0,12.0,8.0,24.0,0.0,0.0,61.0,14.0,6.0,13.0,74.0,11.0,1.0
Russia,2018,116.0,0.0,44.0,18.0,27.0,264.0,66.0,68.0,281.0,32.0,49.0,0.0,0.0,23.0,45.0,17.0,16.0,35.0,1.0,3.0,100.0,26.0,11.0,20.0,119.0,9.0,1.0
Russia,2019,89.0,0.0,32.0,20.0,26.0,229.0,59.0,69.0,253.0,33.0,32.0,0.0,0.0,12.0,43.0,25.0,3.0,41.0,1.0,1.0,104.0,21.0,23.0,10.0,91.0,7.0,1.0
Russia,2020,87.0,0.0,62.0,54.0,23.0,243.0,76.0,59.0,319.0,73.0,46.0,0.0,0.0,15.0,41.0,22.0,11.0,44.0,0.0,1.0,131.0,28.0,23.0,23.0,122.0,10.0,3.0
Russia,2021,13.0,0.0,9.0,4.0,5.0,28.0,9.0,8.0,31.0,3.0,6.0,1.0,0.0,3.0,3.0,1.0,0.0,5.0,0.0,0.0,7.0,5.0,6.0,4.0,11.0,0.0,1.0
Singapore,2015,169.0,0.0,104.0,39.0,27.0,227.0,87.0,30.0,220.0,64.0,79.0,0.0,0.0,15.0,36.0,14.0,15.0,42.0,1.0,0.0,104.0,60.0,4.0,19.0,135.0,16.0,6.0
Singapore,2016,65.0,0.0,38.0,17.0,22.0,107.0,43.0,35.0,116.0,23.0,29.0,0.0,0.0,12.0,18.0,15.0,4.0,24.0,1.0,0.0,41.0,12.0,7.0,8.0,62.0,8.0,2.0
Singapore,2017,60.0,0.0,37.0,15.0,16.0,141.0,55.0,48.0,164.0,22.0,24.0,0.0,0.0,11.0,20.0,11.0,5.0,22.0,0.0,0.0,52.0,17.0,4.0,11.0,73.0,9.0,1.0
Singapore,2018,150.0,0.0,52.0,17.0,31.0,261.0,89.0,67.0,286.0,29.0,45.0,0.0,0.0,25.0,46.0,17.0,16.0,31.0,1.0,3.0,98.0,31.0,10.0,22.0,136.0,10.0,4.0
Singapore,2019,115.0,0.0,48.0,25.0,33.0,265.0,65.0,75.0,276.0,39.0,42.0,0.0,0.0,17.0,51.0,27.0,6.0,47.0,1.0,1.0,123.0,29.0,22.0,10.0,106.0,11.0,1.0
Singapore,2020,98.0,0.0,60.0,61.0,26.0,278.0,86.0,57.0,371.0,72.0,41.0,0.0,0.0,11.0,51.0,19.0,16.0,39.0,0.0,1.0,155.0,30.0,24.0,25.0,129.0,9.0,8.0
Singapore,2021,14.0,0.0,11.0,4.0,4.0,28.0,9.0,8.0,40.0,5.0,8.0,1.0,0.0,2.0,3.0,2.0,0.0,7.0,0.0,0.0,9.0,6.0,4.0,4.0,15.0,0.0,2.0
Slovakia,2015,186.0,0.0,127.0,39.0,47.0,241.0,94.0,37.0,285.0,75.0,86.0,0.0,0.0,16.0,43.0,14.0,13.0,54.0,1.0,0.0,130.0,73.0,5.0,20.0,160.0,18.0,6.0
Slovakia,2016,57.0,0.0,38.0,18.0,23.0,104.0,46.0,34.0,110.0,23.0,26.0,0.0,0.0,10.0,19.0,11.0,3.0,22.0,1.0,0.0,29.0,10.0,9.0,7.0,63.0,7.0,2.0
Slovakia,2017,79.0,0.0,34.0,14.0,20.0,152.0,70.0,51.0,209.0,27.0,29.0,0.0,0.0,18.0,22.0,12.0,7.0,26.0,0.0,0.0,66.0,18.0,7.0,13.0,90.0,11.0,1.0
Slovakia,2018,119.0,0.0,47.0,19.0,30.0,239.0,67.0,58.0,271.0,33.0,50.0,0.0,0.0,19.0,46.0,16.0,12.0,36.0,1.0,3.0,93.0,33.0,11.0,19.0,115.0,10.0,3.0
Slovakia,2019,102.0,0.0,49.0,27.0,37.0,285.0,77.0,75.0,307.0,52.0,48.0,0.0,0.0,19.0,49.0,28.0,5.0,47.0,1.0,2.0,115.0,26.0,24.0,12.0,115.0,11.0,1.0
Slovakia,2020,89.0,0.0,65.0,51.0,28.0,255.0,82.0,61.0,328.0,72.0,49.0,0.0,0.0,15.0,44.0,21.0,14.0,46.0,0.0,1.0,135.0,29.0,24.0,20.0,127.0,13.0,3.0
Slovakia,2021,15.0,0.0,10.0,4.0,4.0,34.0,13.0,9.0,46.0,7.0,11.0,1.0,0.0,3.0,3.0,4.0,1.0,7.0,0.0,0.0,7.0,7.0,6.0,4.0,18.0,2.0,1.0
South Africa,2015,147.0,0.0,94.0,44.0,30.0,236.0,74.0,33.0,202.0,67.0,64.0,0.0,0.0,13.0,22.0,10.0,9.0,37.0,1.0,0.0,100.0,50.0,5.0,14.0,114.0,14.0,4.0
South Africa,2016,51.0,0.0,31.0,17.0,17.0,94.0,34.0,38.0,93.0,24.0,27.0,0.0,0.0,8.0,14.0,12.0,4.0,17.0,1.0,0.0,25.0,12.0,7.0,7.0,52.0,6.0,1.0
South Africa,2017,69.0,0.0,32.0,12.0,17.0,159.0,64.0,55.0,190.0,23.0,25.0,0.0,0.0,15.0,24.0,12.0,8.0,27.0,0.0,0.0,65.0,15.0,6.0,10.0,81.0,10.0,1.0
South Africa,2018,114.0,0.0,43.0,16.0,26.0,260.0,61.0,67.0,274.0,31.0,46.0,0.0,0.0,20.0,47.0,16.0,15.0,34.0,1.0,3.0,97.0,27.0,11.0,20.0,115.0,8.0,1.0
South Africa,2019,96.0,0.0,41.0,25.0,33.0,235.0,61.0,73.0,266.0,39.0,35.0,0.0,0.0,16.0,49.0,26.0,4.0,42.0,1.0,1.0,105.0,24.0,23.0,12.0,107.0,9.0,1.0
South Africa,2020,85.0,0.0,54.0,56.0,24.0,234.0,77.0,64.0,320.0,70.0,37.0,0.0,0.0,11.0,41.0,21.0,13.0,38.0,0.0,3.0,130.0,26.0,25.0,21.0,125.0,8.0,4.0
South Africa,2021,13.0,0.0,8.0,4.0,4.0,22.0,10.0,8.0,28.0,3.0,6.0,1.0,0.0,2.0,2.0,2.0,1.0,5.0,0.0,0.0,6.0,4.0,4.0,3.0,12.0,0.0,1.0
South Korea,2015,183.0,0.0,138.0,51.0,37.0,190.0,82.0,28.0,248.0,63.0,97.0,0.0,0.0,24.0,34.0,18.0,12.0,48.0,1.0,0.0,123.0,74.0,4.0,15.0,150.0,24.0,9.0
South Korea,2016,89.0,0.0,43.0,18.0,21.0,111.0,54.0,31.0,144.0,23.0,23.0,0.0,0.0,17.0,21.0,11.0,2.0,25.0,1.0,0.0,47.0,23.0,8.0,7.0,88.0,9.0,2.0
South Korea,2017,87.0,0.0,47.0,21.0,22.0,148.0,71.0,48.0,190.0,32.0,32.0,0.0,0.0,15.0,25.0,10.0,6.0,34.0,0.0,0.0,59.0,22.0,4.0,15.0,102.0,10.0,1.0
South Korea,2018,105.0,0.0,54.0,25.0,27.0,192.0,62.0,50.0,227.0,26.0,54.0,0.0,0.0,22.0,42.0,13.0,6.0,34.0,1.0,3.0,75.0,40.0,7.0,13.0,101.0,13.0,4.0
South Korea,2019,92.0,0.0,41.0,32.0,29.0,200.0,59.0,57.0,226.0,36.0,40.0,0.0,0.0,26.0,43.0,21.0,3.0,44.0,0.0,1.0,96.0,24.0,18.0,13.0,77.0,9.0,0.0
South Korea,2020,60.0,0.0,54.0,57.0,18.0,161.0,55.0,48.0,186.0,64.0,39.0,0.0,1.0,13.0,26.0,16.0,8.0,36.0,0.0,2.0,75.0,24.0,14.0,13.0,83.0,5.0,3.0
South Korea,2021,15.0,0.0,10.0,6.0,5.0,27.0,14.0,7.0,53.0,6.0,12.0,1.0,0.0,3.0,10.0,1.0,1.0,6.0,0.0,0.0,15.0,5.0,3.0,2.0,20.0,3.0,1.0
Spain,2015,189.0,0.0,140.0,57.0,31.0,252.0,80.0,35.0,253.0,97.0,101.0,0.0,0.0,14.0,41.0,15.0,12.0,46.0,1.0,0.0,129.0,72.0,7.0,20.0,155.0,20.0,3.0
Spain,2016,42.0,0.0,29.0,17.0,24.0,88.0,35.0,36.0,104.0,24.0,24.0,0.0,0.0,10.0,13.0,11.0,4.0,22.0,1.0,0.0,36.0,10.0,8.0,8.0,50.0,6.0,2.0
Spain,2017,61.0,0.0,37.0,18.0,17.0,165.0,62.0,54.0,170.0,24.0,25.0,0.0,0.0,13.0,19.0,12.0,4.0,26.0,0.0,0.0,59.0,16.0,5.0,13.0,65.0,9.0,2.0
Spain,2018,79.0,0.0,43.0,20.0,23.0,193.0,48.0,54.0,185.0,26.0,37.0,0.0,0.0,14.0,26.0,10.0,12.0,27.0,1.0,3.0,61.0,28.0,9.0,13.0,83.0,8.0,2.0
Spain,2019,78.0,0.0,39.0,23.0,29.0,188.0,54.0,68.0,181.0,37.0,32.0,0.0,0.0,14.0,37.0,25.0,4.0,33.0,0.0,1.0,68.0,23.0,21.0,6.0,71.0,5.0,1.0
Spain,2020,74.0,0.0,51.0,56.0,26.0,226.0,72.0,60.0,299.0,65.0,38.0,0.0,0.0,11.0,34.0,23.0,12.0,37.0,0.0,1.0,120.0,24.0,22.0,18.0,113.0,10.0,2.0
Spain,2021,14.0,0.0,10.0,4.0,4.0,31.0,12.0,10.0,47.0,7.0,11.0,1.0,0.0,3.0,2.0,4.0,0.0,8.0,0.0,0.0,6.0,6.0,6.0,4.0,18.0,1.0,1.0
Sweden,2015,185.0,0.0,127.0,58.0,33.0,259.0,91.0,34.0,207.0,94.0,87.0,0.0,0.0,20.0,30.0,17.0,17.0,36.0,2.0,0.0,114.0,66.0,4.0,19.0,144.0,21.0,4.0
Sweden,2016,56.0,0.0,36.0,19.0,25.0,100.0,43.0,31.0,117.0,26.0,22.0,0.0,0.0,13.0,11.0,12.0,5.0,23.0,1.0,0.0,34.0,12.0,7.0,7.0,62.0,8.0,2.0
Sweden,2017,60.0,0.0,35.0,13.0,19.0,142.0,59.0,48.0,166.0,23.0,24.0,0.0,0.0,15.0,24.0,12.0,4.0,29.0,0.0,0.0,57.0,19.0,5.0,12.0,81.0,13.0,2.0
Sweden,2018,72.0,0.0,38.0,17.0,25.0,166.0,41.0,49.0,166.0,23.0,28.0,0.0,0.0,14.0,23.0,11.0,9.0,22.0,1.0,3.0,51.0,28.0,9.0,13.0,76.0,9.0,2.0
Sweden,2019,69.0,0.0,33.0,28.0,29.0,189.0,48.0,64.0,177.0,36.0,27.0,0.0,0.0,13.0,31.0,22.0,2.0,35.0,0.0,1.0,73.0,22.0,19.0,5.0,64.0,4.0,1.0
Sweden,2020,83.0,0.0,58.0,53.0,28.0,240.0,79.0,64.0,319.0,76.0,45.0,0.0,0.0,12.0,43.0,24.0,12.0,42.0,0.0,1.0,131.0,29.0,21.0,21.0,118.0,8.0,3.0
Sweden,2021,9.0,0.0,7.0,4.0,5.0,14.0,5.0,8.0,22.0,3.0,5.0,1.0,0.0,2.0,3.0,1.0,0.0,5.0,0.0,0.0,3.0,5.0,4.0,3.0,9.0,0.0,1.0
Switzerland,2015,227.0,0.0,169.0,55.0,50.0,319.0,129.0,36.0,328.0,103.0,112.0,0.0,0.0,25.0,60.0,19.0,14.0,65.0,1.0,0.0,147.0,101.0,5.0,21.0,196.0,20.0,8.0
Switzerland,2016,77.0,0.0,45.0,21.0,28.0,110.0,53.0,33.0,125.0,24.0,30.0,0.0,0.0,17.0,24.0,12.0,3.0,24.0,1.0,0.0,42.0,20.0,8.0,8.0,78.0,14.0,1.0
Switzerland,2017,75.0,0.0,48.0,21.0,22.0,165.0,59.0,49.0,190.0,32.0,36.0,0.0,0.0,14.0,29.0,14.0,6.0,36.0,0.0,0.0,65.0,28.0,5.0,13.0,84.0,12.0,2.0
Switzerland,2018,112.0,0.0,51.0,25.0,27.0,202.0,60.0,52.0,222.0,36.0,53.0,0.0,0.0,20.0,40.0,16.0,13.0,33.0,2.0,3.0,75.0,47.0,5.0,17.0,102.0,9.0,5.0
Switzerland,2019,88.0,0.0,48.0,22.0,26.0,203.0,61.0,60.0,205.0,39.0,30.0,0.0,0.0,15.0,42.0,22.0,5.0,39.0,0.0,1.0,73.0,21.0,19.0,8.0,91.0,8.0,4.0
Switzerland,2020,78.0,0.0,52.0,55.0,24.0,233.0,67.0,59.0,290.0,68.0,39.0,0.0,0.0,13.0,32.0,20.0,9.0,38.0,0.0,1.0,120.0,23.0,20.0,21.0,107.0,9.0,3.0
Switzerland,2021,12.0,0.0,9.0,5.0,5.0,34.0,8.0,10.0,46.0,8.0,8.0,1.0,0.0,3.0,3.0,3.0,1.0,10.0,0.0,0.0,8.0,4.0,6.0,5.0,16.0,1.0,1.0
Thailand,2015,169.0,0.0,105.0,36.0,24.0,228.0,87.0,31.0,214.0,63.0,85.0,0.0,0.0,14.0,35.0,14.0,15.0,46.0,1.0,0.0,109.0,63.0,4.0,17.0,136.0,13.0,5.0
Thailand,2016,57.0,0.0,33.0,16.0,20.0,102.0,38.0,36.0,114.0,23.0,25.0,0.0,0.0,11.0,16.0,17.0,4.0,21.0,1.0,0.0,40.0,11.0,8.0,8.0,57.0,8.0,1.0
Thailand,2017,60.0,0.0,35.0,14.0,16.0,143.0,58.0,46.0,164.0,20.0,23.0,0.0,0.0,13.0,17.0,11.0,5.0,22.0,0.0,0.0,54.0,15.0,4.0,12.0,74.0,9.0,1.0
Thailand,2018,147.0,0.0,54.0,16.0,31.0,264.0,83.0,68.0,289.0,29.0,49.0,0.0,0.0,25.0,49.0,17.0,15.0,33.0,1.0,3.0,100.0,31.0,11.0,23.0,136.0,11.0,4.0
Thailand,2019,108.0,0.0,45.0,24.0,35.0,270.0,60.0,75.0,289.0,41.0,47.0,0.0,0.0,18.0,67.0,28.0,5.0,45.0,1.0,1.0,130.0,29.0,22.0,10.0,107.0,11.0,1.0
Thailand,2020,97.0,0.0,60.0,61.0,25.0,280.0,86.0,59.0,373.0,71.0,42.0,0.0,0.0,10.0,54.0,20.0,16.0,38.0,0.0,1.0,163.0,29.0,22.0,23.0,132.0,9.0,8.0
Thailand,2021,14.0,0.0,10.0,4.0,4.0,24.0,8.0,8.0,35.0,5.0,7.0,1.0,0.0,2.0,3.0,2.0,0.0,6.0,0.0,0.0,10.0,5.0,4.0,4.0,12.0,0.0,1.0
Turkey,2015,191.0,0.0,142.0,41.0,31.0,214.0,89.0,32.0,210.0,73.0,89.0,0.0,0.0,12.0,33.0,13.0,11.0,49.0,1.0,0.0,113.0,81.0,5.0,17.0,140.0,12.0,5.0
Turkey,2016,44.0,0.0,29.0,15.0,23.0,87.0,34.0,32.0,91.0,20.0,22.0,0.0,0.0,11.0,11.0,10.0,3.0,22.0,1.0,0.0,27.0,13.0,8.0,5.0,43.0,6.0,1.0
Turkey,2017,61.0,0.0,36.0,17.0,16.0,142.0,55.0,50.0,155.0,24.0,26.0,0.0,0.0,14.0,18.0,10.0,4.0,24.0,0.0,0.0,50.0,18.0,6.0,12.0,69.0,8.0,1.0
Turkey,2018,90.0,0.0,44.0,16.0,23.0,170.0,45.0,49.0,170.0,20.0,39.0,0.0,0.0,16.0,30.0,12.0,7.0,30.0,1.0,3.0,57.0,35.0,8.0,12.0,88.0,11.0,4.0
Turkey,2019,79.0,0.0,41.0,25.0,28.0,207.0,54.0,61.0,183.0,36.0,33.0,0.0,0.0,15.0,29.0,24.0,4.0,35.0,0.0,1.0,80.0,25.0,20.0,5.0,69.0,5.0,1.0
Turkey,2020,82.0,0.0,57.0,54.0,23.0,264.0,81.0,59.0,322.0,67.0,42.0,0.0,0.0,14.0,48.0,22.0,10.0,37.0,0.0,1.0,136.0,25.0,25.0,20.0,124.0,9.0,5.0
Turkey,2021,11.0,0.0,9.0,4.0,4.0,21.0,8.0,8.0,28.0,3.0,6.0,1.0,0.0,2.0,3.0,1.0,0.0,5.0,0.0,0.0,6.0,4.0,4.0,3.0,12.0,0.0,1.0
United Kingdom,2015,185.0,0.0,116.0,60.0,37.0,342.0,110.0,50.0,284.0,111.0,90.0,0.0,0.0,23.0,49.0,23.0,16.0,52.0,3.0,0.0,142.0,67.0,7.0,27.0,158.0,23.0,8.0
United Kingdom,2016,55.0,0.0,43.0,22.0,25.0,117.0,40.0,40.0,119.0,32.0,32.0,0.0,0.0,12.0,20.0,15.0,4.0,22.0,1.0,0.0,31.0,14.0,8.0,5.0,57.0,8.0,1.0
United Kingdom,2017,84.0,0.0,42.0,22.0,22.0,175.0,65.0,63.0,207.0,30.0,36.0,0.0,0.0,16.0,25.0,15.0,9.0,33.0,0.0,0.0,72.0,19.0,7.0,13.0,88.0,11.0,1.0
United Kingdom,2018,124.0,0.0,51.0,22.0,31.0,291.0,65.0,74.0,292.0,40.0,48.0,0.0,0.0,22.0,47.0,17.0,18.0,33.0,1.0,3.0,100.0,33.0,12.0,23.0,121.0,12.0,4.0
United Kingdom,2019,115.0,0.0,49.0,30.0,41.0,259.0,78.0,82.0,316.0,45.0,45.0,0.0,0.0,20.0,62.0,27.0,5.0,53.0,1.0,1.0,118.0,34.0,23.0,13.0,128.0,11.0,1.0
United Kingdom,2020,101.0,0.0,60.0,59.0,27.0,254.0,95.0,71.0,366.0,74.0,50.0,0.0,0.0,15.0,57.0,28.0,15.0,50.0,0.0,2.0,142.0,32.0,26.0,25.0,153.0,15.0,8.0
United Kingdom,2021,15.0,0.0,9.0,4.0,7.0,28.0,11.0,11.0,47.0,7.0,9.0,1.0,0.0,3.0,3.0,4.0,1.0,8.0,0.0,0.0,6.0,5.0,6.0,4.0,19.0,2.0,1.0
United States,2015,95.0,0.0,73.0,57.0,39.0,205.0,50.0,42.0,197.0,71.0,56.0,0.0,0.0,21.0,23.0,18.0,19.0,29.0,4.0,0.0,84.0,38.0,5.0,16.0,71.0,18.0,4.0
United States,2016,34.0,0.0,23.0,10.0,23.0,82.0,36.0,40.0,87.0,16.0,14.0,0.0,0.0,10.0,11.0,11.0,3.0,19.0,1.0,0.0,23.0,7.0,6.0,4.0,45.0,2.0,1.0
United States,2017,79.0,0.0,34.0,16.0,20.0,166.0,68.0,56.0,213.0,30.0,30.0,0.0,0.0,17.0,29.0,16.0,8.0,33.0,0.0,0.0,69.0,20.0,7.0,13.0,90.0,14.0,3.0
United States,2018,115.0,0.0,46.0,20.0,34.0,274.0,68.0,67.0,303.0,41.0,52.0,0.0,0.0,23.0,49.0,19.0,19.0,40.0,1.0,2.0,100.0,33.0,11.0,21.0,130.0,11.0,1.0
United States,2019,108.0,0.0,48.0,33.0,34.0,250.0,69.0,82.0,287.0,55.0,36.0,0.0,0.0,18.0,51.0,31.0,4.0,49.0,1.0,1.0,107.0,26.0,22.0,14.0,125.0,10.0,4.0
United States,2020,102.0,0.0,55.0,49.0,27.0,228.0,86.0,74.0,349.0,67.0,38.0,0.0,0.0,12.0,45.0,23.0,13.0,46.0,0.0,2.0,126.0,29.0,26.0,27.0,145.0,12.0,9.0
United States,2021,12.0,0.0,7.0,4.0,4.0,22.0,10.0,8.0,34.0,3.0,6.0,1.0,0.0,3.0,4.0,2.0,0.0,8.0,0.0,0.0,8.0,4.0,4.0,3.0,16.0,1.0,0.0
